No.,Ticker,②自己資本比率,⑤業界/セクター,⑧当期売上高,成長率(最新),成長率(1期前),成長率(2期前),⑨当期純利益,利益率,配当率,⑬フェアバリュー,⑭判定,⑮自作シグナル,⑯保有,更新日時
1,DHT,N/A,Energy / Oil & Gas Midstream,798681024,-12.83%,2.00%,23.43%,211092000.0,26.43%,20.49%,19.95,適正,-,-,2026-10-07 10:06:03
2,NAT,N/A,Energy / Oil & Gas Midstream,371135008,-16.60%,-10.71%,15.43%,12271000.0,3.31%,12.90%,4.81,割高,-,保有,2026-10-07 10:06:03
3,TRMD,N/A,Energy / Oil & Gas Midstream,1760000000,-14.09%,2.55%,5.33%,285300000.0,16.21%,10.77%,49.2,割安,-,保有,2026-10-07 10:06:03
4,XLF,N/A, / ,,-,-,-,,-,1.55%,-,-,-,保有,2026-10-07 10:06:03
5,BYND,N/A,Consumer Defensive / Packaged Foods,258844992,-15.61%,-4.93%,-18.04%,178012000.0,68.77%,0.00%,-,-,-,-,2026-10-07 10:06:03
6,DKNG,N/A,Consumer Cyclical / Gambling,6222522880,26.99%,30.07%,63.60%,3710000.0,0.06%,0.00%,6.59,割高,-,-,2026-10-07 10:06:03
7,EPI,N/A, / ,,-,-,-,,-,0.00%,-,-,-,保有,2026-10-07 10:06:03
8,FRO,N/A,Energy / Oil & Gas Midstream,2714702080,-4.16%,13.77%,26.01%,379081000.0,13.96%,10.01%,38.19,割高,-,-,2026-10-07 10:06:03
9,GLDM,N/A, / ,,-,-,-,,-,0.00%,-,-,-,-,2026-10-07 10:06:03
10,NIO,N/A,Consumer Cyclical / Auto Manufacturers,114113634304,33.10%,18.18%,12.89%,-15570678000.0,-13.64%,0.00%,0.83,割高,-,保有,2026-10-07 10:06:03
11,QS,N/A,Consumer Cyclical / Auto Parts,-,-,-,-,-435050000.0,-,0.00%,-,-,-,-,2026-10-07 10:06:03
12,SNDL,N/A,Consumer Defensive / Beverages - Wineries & Distilleries,928390016,2.82%,1.26%,27.63%,-15774000.0,-1.70%,0.00%,1.44,割安,-,保有,2026-10-07 10:06:03
13,SWKS,N/A,Technology / Semiconductors,4014099968,-2.18%,-12.45%,-13.00%,477100000.0,11.89%,0.00%,68.84,適正,-,保有,2026-10-07 10:06:03
14,TSM,N/A,Technology / Semiconductors,4440492343296,31.61%,33.89%,-4.51%,1697604000000.0,38.23%,0.78%,48.95,割高,-,保有,2026-10-07 10:06:03
15,UBER,N/A,Technology / Software - Application,55226998784,18.28%,17.96%,16.95%,10053000000.0,18.20%,0.00%,36.5,割高,-,-,2026-10-07 10:06:03
16,WIT,N/A,Technology / Information Technology Services,949680013312,3.97%,-0.75%,-0.80%,131974000000.0,13.90%,5.13%,1.66,適正,-,-,2026-10-07 10:06:03
17,ZG,N/A,Communication Services / Internet Content & Information,2809999872,15.52%,14.96%,-0.66%,23000000.0,0.82%,0.00%,35.73,割安,-,-,2026-10-07 10:06:03
18,VOO,N/A, / ,,-,-,-,,-,1.06%,-,-,-,保有,2026-10-07 10:06:03
19,IVV,N/A, / ,,-,-,-,,-,1.10%,-,-,-,-,2026-10-07 10:06:03
20,VTI,N/A, / ,,-,-,-,,-,1.06%,-,-,-,保有,2026-10-07 10:06:03
21,QQQ,N/A, / ,,-,-,-,,-,0.42%,-,-,-,保有,2026-10-07 10:06:03
22,SPY,N/A, / ,,-,-,-,,-,0.99%,-,-,-,-,2026-10-07 10:06:03
23,DIA,N/A, / ,,-,-,-,,-,1.42%,-,-,-,-,2026-10-07 10:06:03
24,IWM,N/A, / ,,-,-,-,,-,0.98%,-,-,-,-,2026-10-07 10:06:03
25,VIG,N/A, / ,,-,-,-,,-,1.56%,-,-,-,-,2026-10-07 10:06:03
26,VYM,N/A, / ,,-,-,-,,-,2.37%,-,-,-,-,2026-10-07 10:06:03
27,HDV,N/A, / ,,-,-,-,,-,3.05%,-,-,-,保有,2026-10-07 10:06:03
28,SPYD,N/A, / ,,-,-,-,,-,4.54%,-,-,-,保有,2026-10-07 10:06:03
29,XLK,N/A, / ,,-,-,-,,-,0.43%,-,-,-,-,2026-10-07 10:06:03
30,XLV,N/A, / ,,-,-,-,,-,1.52%,-,-,-,-,2026-10-07 10:06:03
31,XLY,N/A, / ,,-,-,-,,-,0.86%,-,-,-,-,2026-10-07 10:06:03
32,XLP,N/A, / ,,-,-,-,,-,2.73%,-,-,-,-,2026-10-07 10:06:03
33,XLI,N/A, / ,,-,-,-,,-,1.13%,-,-,-,-,2026-10-07 10:06:03
34,XLE,N/A, / ,,-,-,-,,-,2.48%,-,-,-,-,2026-10-07 10:06:03
35,XLB,N/A, / ,,-,-,-,,-,1.77%,-,-,-,-,2026-10-07 10:06:03
36,XLRE,N/A, / ,,-,-,-,,-,3.53%,-,-,-,-,2026-10-07 10:06:03
37,XLU,N/A, / ,,-,-,-,,-,3.07%,-,-,-,-,2026-10-07 10:06:03
38,SMH,N/A, / ,,-,-,-,,-,0.18%,-,-,-,-,2026-10-07 10:06:03
39,SOXX,N/A, / ,,-,-,-,,-,0.22%,-,-,-,-,2026-10-07 10:06:03
40,ARKK,N/A, / ,,-,-,-,,-,0.00%,-,-,-,-,2026-10-07 10:06:03
41,VT,N/A, / ,,-,-,-,,-,1.53%,-,-,-,-,2026-10-07 10:06:03
42,VEA,N/A, / ,,-,-,-,,-,2.41%,-,-,-,-,2026-10-07 10:06:03
43,VWO,N/A, / ,,-,-,-,,-,2.05%,-,-,-,-,2026-10-07 10:06:03
44,BND,N/A, / ,,-,-,-,,-,4.17%,-,-,-,-,2026-10-07 10:06:03
45,AGG,N/A, / ,,-,-,-,,-,4.19%,-,-,-,-,2026-10-07 10:06:03
46,LQD,N/A, / ,,-,-,-,,-,4.91%,-,-,-,-,2026-10-07 10:06:03
47,TQQQ,N/A, / ,,-,-,-,,-,0.62%,-,-,-,-,2026-10-07 10:06:03
48,SQQQ,N/A, / ,,-,-,-,,-,9.45%,-,-,-,-,2026-10-07 10:06:03
49,SOXL,N/A, / ,,-,-,-,,-,0.06%,-,-,-,-,2026-10-07 10:06:03
50,SOXS,N/A, / ,,-,-,-,,-,34.44%,-,-,-,-,2026-10-07 10:06:03
51,TECL,N/A, / ,,-,-,-,,-,0.13%,-,-,-,-,2026-10-07 10:06:03
52,WEBL,N/A, / ,,-,-,-,,-,0.16%,-,-,-,-,2026-10-07 10:06:03
53,CURE,N/A, / ,,-,-,-,,-,0.98%,-,-,-,-,2026-10-07 10:06:03
54,FAS,N/A, / ,,-,-,-,,-,1.66%,-,-,-,-,2026-10-07 10:06:03
55,LABU,N/A, / ,,-,-,-,,-,0.34%,-,-,-,-,2026-10-07 10:06:03
56,TMF,N/A, / ,,-,-,-,,-,5.46%,-,-,-,-,2026-10-07 10:06:03
57,TLT,N/A, / ,,-,-,-,,-,5.00%,-,-,-,-,2026-10-07 10:06:03
58,IEF,N/A, / ,,-,-,-,,-,4.14%,-,-,-,-,2026-10-07 10:06:03
59,SHY,N/A, / ,,-,-,-,,-,3.65%,-,-,-,-,2026-10-07 10:06:03
60,TIP,N/A, / ,,-,-,-,,-,4.71%,-,-,-,-,2026-10-07 10:06:03
61,HYG,N/A, / ,,-,-,-,,-,6.14%,-,-,-,-,2026-10-07 10:06:03
62,JNK,N/A, / ,,-,-,-,,-,6.83%,-,-,-,-,2026-10-07 10:06:03
63,EMB,N/A, / ,,-,-,-,,-,5.36%,-,-,-,-,2026-10-07 10:06:03
64,VWOB,N/A, / ,,-,-,-,,-,6.11%,-,-,-,-,2026-10-07 10:06:03
65,GLD,N/A, / ,,-,-,-,,-,0.00%,-,-,-,-,2026-10-07 10:06:03
66,IAU,N/A, / ,,-,-,-,,-,0.00%,-,-,-,-,2026-10-07 10:06:03
67,SLV,N/A, / ,,-,-,-,,-,0.00%,-,-,-,-,2026-10-07 10:06:03
68,DBC,N/A, / ,,-,-,-,,-,2.30%,-,-,-,-,2026-10-07 10:06:03
69,GSG,N/A, / ,,-,-,-,,-,0.00%,-,-,-,-,2026-10-07 10:06:03
70,PAVE,N/A, / ,,-,-,-,,-,0.82%,-,-,-,-,2026-10-07 10:06:03
71,LIT,N/A, / ,,-,-,-,,-,0.73%,-,-,-,-,2026-10-07 10:06:03
72,TAN,N/A, / ,,-,-,-,,-,0.00%,-,-,-,-,2026-10-07 10:06:03
73,FAN,N/A, / ,,-,-,-,,-,0.91%,-,-,-,-,2026-10-07 10:06:03
74,KWEB,N/A, / ,,-,-,-,,-,8.50%,-,-,-,-,2026-10-07 10:06:03
75,SKYY,N/A, / ,,-,-,-,,-,0.00%,-,-,-,-,2026-10-07 10:06:03
76,BOTZ,N/A, / ,,-,-,-,,-,0.50%,-,-,-,-,2026-10-07 10:06:03
77,QQQM,N/A, / ,,-,-,-,,-,0.43%,-,-,-,-,2026-10-07 10:06:03
78,SCHD,N/A, / ,,-,-,-,,-,3.24%,-,-,-,-,2026-10-07 10:06:03
79,DGRO,N/A, / ,,-,-,-,,-,1.98%,-,-,-,-,2026-10-07 10:06:03
80,COWZ,N/A, / ,,-,-,-,,-,2.04%,-,-,-,-,2026-10-07 10:06:03
81,MOAT,N/A, / ,,-,-,-,,-,1.33%,-,-,-,-,2026-10-07 10:06:03
82,NOBL,N/A, / ,,-,-,-,,-,2.17%,-,-,-,-,2026-10-07 10:06:03
83,RDVY,N/A, / ,,-,-,-,,-,0.87%,-,-,-,-,2026-10-07 10:06:03
84,QUAL,N/A, / ,,-,-,-,,-,0.85%,-,-,-,-,2026-10-07 10:06:03
85,MTUM,N/A, / ,,-,-,-,,-,0.58%,-,-,-,-,2026-10-07 10:06:03
86,VLUE,N/A, / ,,-,-,-,,-,1.56%,-,-,-,-,2026-10-07 10:06:03
87,USMV,N/A, / ,,-,-,-,,-,1.45%,-,-,-,-,2026-10-07 10:06:03
88,MGK,N/A, / ,,-,-,-,,-,0.33%,-,-,-,-,2026-10-07 10:06:03
89,VONG,N/A, / ,,-,-,-,,-,0.45%,-,-,-,-,2026-10-07 10:06:03
90,VUG,N/A, / ,,-,-,-,,-,0.38%,-,-,-,-,2026-10-07 10:06:03
91,SCHG,N/A, / ,,-,-,-,,-,0.39%,-,-,-,-,2026-10-07 10:06:03
92,IVW,N/A, / ,,-,-,-,,-,0.34%,-,-,-,-,2026-10-07 10:06:03
93,IWF,N/A, / ,,-,-,-,,-,0.34%,-,-,-,-,2026-10-07 10:06:03
94,VTV,N/A, / ,,-,-,-,,-,1.93%,-,-,-,-,2026-10-07 10:06:03
95,SCHV,N/A, / ,,-,-,-,,-,1.88%,-,-,-,-,2026-10-07 10:06:03
96,IVE,N/A, / ,,-,-,-,,-,1.58%,-,-,-,-,2026-10-07 10:06:03
97,IWD,N/A, / ,,-,-,-,,-,1.42%,-,-,-,-,2026-10-07 10:06:03
98,DBA,N/A, / ,,-,-,-,,-,3.24%,-,-,-,-,2026-10-07 10:06:03
99,UNG,N/A, / ,,-,-,-,,-,0.00%,-,-,-,-,2026-10-07 10:06:03
100,EWJ,N/A, / ,,-,-,-,,-,3.66%,-,-,-,-,2026-10-07 10:06:03
101,DXJ,N/A, / ,,-,-,-,,-,0.90%,-,-,-,-,2026-10-07 10:06:03
102,BBJP,N/A, / ,,-,-,-,,-,4.50%,-,-,-,-,2026-10-07 10:06:03
103,EWU,N/A, / ,,-,-,-,,-,3.22%,-,-,-,-,2026-10-07 10:06:03
104,EWG,N/A, / ,,-,-,-,,-,2.01%,-,-,-,-,2026-10-07 10:06:03
105,EFA,N/A, / ,,-,-,-,,-,3.24%,-,-,-,-,2026-10-07 10:06:03
106,EFG,N/A, / ,,-,-,-,,-,2.33%,-,-,-,-,2026-10-07 10:06:03
107,IEFA,N/A, / ,,-,-,-,,-,3.40%,-,-,-,-,2026-10-07 10:06:03
108,SCZ,N/A, / ,,-,-,-,,-,3.16%,-,-,-,-,2026-10-07 10:06:03
109,ACWI,N/A, / ,,-,-,-,,-,1.41%,-,-,-,-,2026-10-07 10:06:03
110,VXUS,N/A, / ,,-,-,-,,-,2.34%,-,-,-,-,2026-10-07 10:06:03
111,BNDX,N/A, / ,,-,-,-,,-,4.68%,-,-,-,-,2026-10-07 10:06:03
112,IGSB,N/A, / ,,-,-,-,,-,4.68%,-,-,-,-,2026-10-07 10:06:03
113,VCIT,N/A, / ,,-,-,-,,-,5.08%,-,-,-,-,2026-10-07 10:06:03
114,VCLT,N/A, / ,,-,-,-,,-,5.99%,-,-,-,-,2026-10-07 10:06:03
115,AAPL,N/A,Technology / Consumer Electronics,466822987776,6.43%,2.02%,-2.80%,112010000000.0,23.99%,0.32%,39.84,割高,-,-,2026-10-07 10:06:03
116,MSFT,N/A,Technology / Software - Infrastructure,331839012864,17.79%,14.93%,15.67%,133749000000.0,40.31%,0.75%,178.14,割高,-,-,2026-10-07 10:06:03
117,NVDA,N/A,Technology / Semiconductors,302970011648,65.47%,114.20%,125.85%,120067000000.0,39.63%,0.42%,58.06,割高,-,-,2026-10-07 10:06:03
118,AVGO,N/A,Technology / Semiconductors,89103998976,23.87%,43.99%,7.88%,23126000000.0,25.95%,0.72%,95.46,割高,-,-,2026-10-07 10:06:03
119,ORCL,N/A,Technology / Software - Infrastructure,71776002048,17.35%,8.38%,6.02%,17087000000.0,23.81%,1.40%,71.12,割高,-,-,2026-10-07 10:06:03
120,CSCO,N/A,Technology / Communication Equipment,63324999680,11.77%,5.30%,-5.61%,13267000000.0,20.95%,1.49%,40.14,割高,-,-,2026-10-07 10:06:03
121,ADI,N/A,Technology / Semiconductors,13881744384,16.89%,-23.39%,2.43%,2267342000.0,16.33%,1.05%,159.59,割高,-,-,2026-10-07 10:06:03
122,TXN,N/A,Technology / Semiconductors,19452999680,13.05%,-10.72%,-12.53%,5001000000.0,25.71%,2.06%,68.73,割高,-,-,2026-10-07 10:06:03
123,QCOM,N/A,Technology / Semiconductors,44068999168,13.66%,8.77%,-18.96%,5541000000.0,12.57%,2.04%,77.51,割高,-,-,2026-10-07 10:06:03
124,AMD,N/A,Technology / Semiconductors,41305001984,34.34%,13.69%,-3.90%,4335000000.0,10.50%,0.00%,120.71,割高,-,-,2026-10-07 10:06:03
125,NOW,N/A,Technology / Software - Application,14732000256,20.88%,22.44%,23.82%,1748000000.0,11.87%,0.00%,36.92,割高,-,-,2026-10-07 10:06:03
126,FISV,N/A, / ,21193000000.0,3.60%,7.14%,7.65%,3480000000.0,16.42%,0.00%,-,-,-,-,2026-10-07 10:06:03
127,MU,N/A,Technology / Semiconductors,133188001792,48.85%,61.59%,-49.48%,8539000000.0,6.41%,0.06%,643.57,割高,-,-,2026-10-07 10:06:03
128,AMAT,N/A,Technology / Semiconductor Equipment & Materials,30837000192,4.39%,2.49%,2.84%,6998000000.0,22.69%,0.39%,115.83,割高,-,-,2026-10-07 10:06:03
129,LRCX,N/A,Technology / Semiconductor Equipment & Materials,23232690176,26.02%,23.68%,-14.48%,7265396000.0,31.27%,0.38%,51.36,割高,-,-,2026-10-07 10:06:03
130,ADSK,N/A,Technology / Software - Application,7790000128,17.53%,11.53%,9.83%,1124000000.0,14.43%,0.00%,71.91,割高,-,-,2026-10-07 10:06:03
131,PANW,N/A,Technology / Software - Infrastructure,11480000512,24.50%,14.87%,16.46%,307000000.0,2.67%,0.00%,60.85,割高,-,-,2026-10-07 10:06:03
132,IBM,N/A,Technology / Information Technology Services,69094998016,7.62%,1.44%,2.20%,10593000000.0,15.33%,3.05%,104.01,割高,-,-,2026-10-07 10:06:03
133,INTU,N/A,Technology / Software - Application,21447999488,13.90%,15.63%,13.34%,4566000000.0,21.29%,1.94%,207.63,割高,-,-,2026-10-07 10:06:03
134,HPQ,N/A,Technology / Computer Hardware,59162001408,3.24%,-0.30%,-14.61%,2529000000.0,4.27%,3.81%,-,-,-,-,2026-10-07 10:06:03
135,CRM,N/A,Technology / Software - Application,43938000896,9.58%,8.72%,11.18%,7457000000.0,16.97%,0.77%,129.65,割高,-,-,2026-10-07 10:06:03
136,ACN,N/A,Technology / Information Technology Services,74183442432,7.36%,1.22%,4.09%,7678433000.0,10.35%,3.51%,137.88,割高,-,-,2026-10-07 10:06:03
137,ADBE,N/A,Technology / Software - Application,25969999872,10.53%,10.80%,10.24%,7130000000.0,27.45%,0.00%,136.87,割高,-,-,2026-10-07 10:06:03
138,SAP,N/A,Technology / Software - Application,38192001024,7.68%,9.51%,5.72%,7161000000.0,18.75%,1.41%,26.32,割高,-,-,2026-10-07 10:06:03
139,SNOW,N/A,Technology / Software - Application,5434647040,29.16%,29.21%,35.86%,-1331616000.0,-24.50%,0.00%,20.31,割高,-,-,2026-10-07 10:06:03
140,TEAM,N/A,Technology / Software - Application,6572307968,26.02%,19.66%,23.31%,-53828000.0,-0.82%,0.00%,25.15,割高,-,-,2026-10-07 10:06:03
141,NET,N/A,Technology / Software - Infrastructure,2512349952,29.85%,28.76%,32.97%,-102267000.0,-4.07%,0.00%,13.1,割高,-,-,2026-10-07 10:06:03
142,CRWD,N/A,Technology / Software - Infrastructure,5396145152,21.71%,29.39%,36.33%,-162502000.0,-3.01%,0.00%,13.42,割高,-,-,2026-10-07 10:06:03
143,ZS,N/A,Technology / Software - Infrastructure,3352523008,25.42%,23.31%,34.07%,-63179000.0,-1.88%,0.00%,44.82,割高,-,-,2026-10-07 10:06:03
144,OKTA,N/A,Technology / Software - Infrastructure,3072999936,11.84%,15.33%,21.80%,235000000.0,7.65%,0.00%,62.69,割高,-,-,2026-10-07 10:06:03
145,MDB,N/A,Technology / Software - Infrastructure,2782769920,22.79%,19.22%,31.07%,-71151000.0,-2.56%,0.00%,80.83,割高,-,-,2026-10-07 10:06:03
146,DDOG,N/A,Technology / Software - Application,3966725120,27.68%,26.12%,27.06%,107741000.0,2.72%,0.00%,28.53,割高,-,-,2026-10-07 10:06:03
147,SHOP,N/A,Technology / Software - Application,13269000192,30.14%,25.78%,26.07%,1231000000.0,9.28%,0.00%,23.29,割高,-,-,2026-10-07 10:06:03
148,KLAC,N/A,Technology / Semiconductor Equipment & Materials,13579475968,11.71%,23.89%,-6.51%,4830771000.0,35.57%,0.44%,27.07,割高,-,-,2026-10-07 10:06:03
149,SNPS,N/A,Technology / Software - Infrastructure,9416465408,15.12%,15.22%,15.22%,1332220000.0,14.15%,0.00%,260.73,割高,-,-,2026-10-07 10:06:03
150,CDNS,N/A,Technology / Software - Application,5837622784,14.12%,13.48%,14.83%,1108888000.0,19.00%,0.00%,73.22,割高,-,-,2026-10-07 10:06:03
151,MCHP,N/A,Technology / Semiconductors,5122299904,7.08%,-42.35%,-9.53%,230000000.0,4.49%,2.23%,35.0,割高,-,-,2026-10-07 10:06:03
152,ON,N/A,Technology / Semiconductors,6197799936,-15.35%,-14.19%,-0.88%,121000000.0,1.95%,0.00%,43.47,割高,-,-,2026-10-07 10:06:03
153,MPWR,N/A,Technology / Semiconductors,3273157888,26.43%,21.20%,1.50%,621483000.0,18.99%,0.54%,249.76,割高,-,-,2026-10-07 10:06:03
154,GFS,N/A,Technology / Semiconductors,6937999872,0.61%,-8.69%,-8.83%,885000000.0,12.76%,0.99%,35.66,割高,-,-,2026-10-07 10:06:03
155,NXPI,N/A,Technology / Semiconductors,13185000448,-2.74%,-4.99%,0.54%,2021000000.0,15.33%,1.68%,135.79,割高,-,-,2026-10-07 10:06:03
156,MRVL,N/A,Technology / Semiconductors,9450300416,42.09%,4.71%,-6.96%,2670100000.0,28.25%,0.09%,56.21,割高,-,-,2026-10-07 10:06:03
157,ASML,N/A,Technology / Semiconductor Equipment & Materials,35327500288,15.58%,2.56%,30.16%,9609400000.0,27.20%,0.49%,38.84,割高,-,-,2026-10-07 10:06:03
158,ARM,N/A,Technology / Semiconductors,5155999744,22.79%,23.94%,20.68%,904000000.0,17.53%,0.00%,23.6,割高,-,-,2026-10-07 10:06:03
159,FSLR,N/A,Technology / Solar,5378071040,24.09%,26.75%,26.70%,1528229000.0,28.42%,0.00%,223.96,割安,-,-,2026-10-07 10:06:03
160,ENPH,N/A,Technology / Solar,1328502016,10.72%,-41.92%,-1.72%,172133000.0,12.96%,0.00%,21.0,割高,-,-,2026-10-07 10:06:03
161,TEL,N/A,Technology / Electronic Components,19321999360,8.94%,-1.18%,-1.52%,1842000000.0,9.53%,1.43%,115.23,割高,-,-,2026-10-07 10:06:03
162,MSI,N/A,Technology / Communication Equipment,12236999680,8.00%,8.41%,9.50%,2154000000.0,17.60%,1.06%,84.01,割高,-,-,2026-10-07 10:06:03
163,HPE,N/A,Technology / Communication Equipment,41870999552,13.84%,3.40%,2.24%,57000000.0,0.14%,0.83%,45.99,割高,-,-,2026-10-07 10:06:03
164,STX,N/A,Technology / Computer Hardware,12195000320,34.06%,38.86%,-11.28%,3184000000.0,26.11%,0.33%,109.11,割高,-,-,2026-10-07 10:06:03
165,WDC,N/A,Technology / Computer Hardware,12919000064,35.70%,50.70%,0.99%,9298000000.0,71.97%,0.14%,-,-,-,-,2026-10-07 10:06:03
166,TER,N/A,Technology / Semiconductor Equipment & Materials,4464031232,13.13%,5.36%,-15.17%,554047000.0,12.41%,0.12%,72.56,割高,-,-,2026-10-07 10:06:03
167,TYL,N/A,Technology / Software - Application,2429657088,9.10%,9.53%,5.49%,315603000.0,12.99%,0.00%,160.1,割高,-,-,2026-10-07 10:06:03
168,AKAM,N/A,Technology / Software - Infrastructure,4322833920,5.44%,4.70%,5.40%,452031000.0,10.46%,0.00%,71.39,割高,-,-,2026-10-07 10:06:03
169,FICO,N/A,Technology / Software - Application,2393574912,15.91%,13.48%,9.90%,651946000.0,27.24%,0.00%,-,-,-,-,2026-10-07 10:06:03
170,KEYS,N/A,Technology / Scientific & Technical Instruments,6582000128,7.95%,-8.88%,0.81%,850000000.0,12.91%,0.00%,109.74,割高,-,-,2026-10-07 10:06:03
171,GOOGL,N/A,Communication Services / Internet Content & Information,445865984000,15.09%,13.87%,8.68%,132170000000.0,29.64%,0.25%,131.37,割高,-,-,2026-10-07 10:06:03
172,META,N/A,Communication Services / Internet Content & Information,228246994944,22.17%,21.94%,15.69%,60458000000.0,26.49%,0.28%,283.76,割高,-,-,2026-10-07 10:06:03
173,VZ,N/A,Communication Services / Telecom Services,138894999552,2.52%,0.61%,-2.09%,17174000000.0,12.36%,6.17%,54.55,割安,-,-,2026-10-07 10:06:03
174,DIS,N/A,Communication Services / Entertainment,98860998656,3.35%,2.77%,7.47%,12404000000.0,12.55%,1.45%,103.44,適正,-,-,2026-10-07 10:06:03
175,T,N/A,Communication Services / Telecom Services,127238995968,2.71%,-0.08%,1.40%,21953000000.0,17.25%,4.58%,30.46,割安,-,-,2026-10-07 10:06:03
176,NFLX,N/A,Communication Services / Entertainment,48370765824,15.85%,15.65%,6.67%,10981201000.0,22.70%,0.00%,24.91,割高,-,-,2026-10-07 10:06:03
177,CMCSA,N/A,Communication Services / Telecom Services,124903997440,-0.02%,1.78%,0.12%,19998000000.0,16.01%,6.12%,45.18,超割安,-,-,2026-10-07 10:06:03
178,CHTR,N/A,Communication Services / Telecom Services,54395998208,-0.56%,0.88%,1.08%,4987000000.0,9.17%,0.00%,387.84,超割安,-,-,2026-10-07 10:06:03
179,TMUS,N/A,Communication Services / Telecom Services,92188999680,8.49%,3.62%,-1.27%,10992000000.0,11.92%,2.84%,130.4,適正,-,-,2026-10-07 10:06:03
180,ROKU,N/A,Communication Services / Entertainment,5209110016,15.18%,18.03%,11.45%,88361000.0,1.70%,0.00%,41.13,割高,-,-,2026-10-07 10:06:03
181,SNAP,N/A,Communication Services / Internet Content & Information,6351084032,10.63%,16.40%,0.09%,-460489000.0,-7.25%,0.00%,4.47,適正,-,-,2026-10-07 10:06:03
182,PINS,N/A,Communication Services / Internet Content & Information,4555720192,15.79%,19.35%,9.01%,416855000.0,9.15%,0.00%,16.63,適正,-,-,2026-10-07 10:06:03
183,BIDU,N/A,Communication Services / Internet Content & Information,127314001920,-3.04%,-1.09%,8.83%,5589000000.0,4.39%,0.00%,143.08,超割安,-,-,2026-10-07 10:06:03
184,SPOT,N/A,Communication Services / Internet Content & Information,18112999424,9.65%,18.31%,12.96%,2212000000.0,12.21%,0.00%,134.33,割高,-,-,2026-10-07 10:06:03
185,LYV,N/A,Communication Services / Entertainment,26272534528,8.83%,1.89%,36.24%,495972000.0,1.89%,0.00%,3.96,割高,-,-,2026-10-07 10:06:03
186,WMG,N/A,Communication Services / Entertainment,7304000000,4.37%,6.44%,1.99%,365000000.0,5.00%,2.90%,8.51,割高,-,-,2026-10-07 10:06:03
187,EA,N/A,Communication Services / Electronic Gaming & Multimedia,7846000128,0.91%,-1.31%,1.83%,887000000.0,11.31%,0.00%,76.45,割高,-,-,2026-10-07 10:06:03
188,TTWO,N/A,Communication Services / Electronic Gaming & Multimedia,6686499840,18.16%,5.31%,-0.01%,-298200000.0,-4.46%,0.00%,66.85,割高,-,-,2026-10-07 10:06:03
189,MTCH,N/A,Communication Services / Internet Content & Information,3509319936,0.22%,3.41%,5.51%,613446000.0,17.48%,1.98%,-,-,-,-,2026-10-07 10:06:03
190,PARA,N/A,Technology / Software - Application,10624419,168.59%,-0.73%,-14.47%,-22492075.0,-211.70%,0.00%,-,-,-,-,2026-10-07 10:06:03
191,SIRI,N/A,Communication Services / Entertainment,8602999808,-1.62%,-2.84%,-0.56%,805000000.0,9.36%,4.10%,51.49,超割安,-,-,2026-10-07 10:06:03
192,FOXA,N/A,Communication Services / Entertainment,17125999616,5.07%,16.60%,-6.26%,1685000000.0,9.84%,0.92%,60.38,適正,-,-,2026-10-07 10:06:03
193,NYT,N/A,Communication Services / Publishing,2950725888,9.24%,6.59%,5.10%,343981000.0,11.66%,1.44%,29.93,割高,-,-,2026-10-07 10:06:03
194,WPP,N/A,Communication Services / Advertising Agencies,13260000256,-8.08%,-0.70%,2.88%,-215000000.0,-1.62%,4.11%,16.49,割高,-,-,2026-10-07 10:06:03
195,TME,N/A,Communication Services / Internet Content & Information,33931999232,15.85%,2.34%,-2.07%,11056000000.0,32.58%,3.05%,12.98,超割安,-,-,2026-10-07 10:06:03
196,DASH,N/A,Consumer Cyclical / Internet Retail,15891000320,27.93%,24.17%,31.17%,935000000.0,5.88%,0.00%,65.2,割高,-,-,2026-10-07 10:06:03
197,SE,N/A,Consumer Cyclical / Internet Retail,27723159552,36.38%,28.75%,4.93%,1578149000.0,5.69%,0.00%,48.77,割高,-,-,2026-10-07 10:06:03
198,TCEHY,N/A,Communication Services / Internet Content & Information,788483014656,13.86%,8.41%,9.82%,224842000000.0,28.52%,1.23%,42.08,適正,-,-,2026-10-07 10:06:03
199,NTES,N/A,Communication Services / Electronic Gaming & Multimedia,116603428864,6.96%,1.77%,7.23%,33759800000.0,28.95%,2.45%,43.39,割高,-,-,2026-10-07 10:06:03
200,BABA,N/A,Consumer Cyclical / Internet Retail,1044970995712,2.74%,5.86%,8.34%,103592000000.0,9.91%,0.95%,118.0,割安,-,-,2026-10-07 10:06:03
201,JD,N/A,Consumer Cyclical / Internet Retail,1313438040064,12.97%,6.84%,3.67%,19631000000.0,1.49%,3.79%,48.08,超割安,-,-,2026-10-07 10:06:03
202,AMZN,N/A,Consumer Cyclical / Internet Retail,775680032768,12.38%,10.99%,11.83%,77670000000.0,10.01%,0.00%,109.81,割高,-,-,2026-10-07 10:06:03
203,TSLA,N/A,Consumer Cyclical / Auto Manufacturers,103619002368,-2.93%,0.95%,18.80%,3794000000.0,3.66%,0.00%,32.58,割高,-,-,2026-10-07 10:06:03
204,HD,N/A,Consumer Cyclical / Home Improvement Retail,169176006656,3.24%,4.48%,-3.01%,14156000000.0,8.37%,3.32%,77.48,割高,-,-,2026-10-07 10:06:03
205,MCD,N/A,Consumer Cyclical / Restaurants,27701999616,3.72%,1.67%,9.98%,8563000000.0,30.91%,3.31%,-,-,-,-,2026-10-07 10:06:03
206,NKE,N/A,Consumer Cyclical / Footwear & Accessories,45890998272,0.19%,-9.84%,0.28%,3108000000.0,6.77%,4.83%,19.59,割高,-,-,2026-10-07 10:06:03
207,LOW,N/A,Consumer Cyclical / Home Improvement Retail,90431995904,3.12%,-3.13%,-11.01%,6654000000.0,7.36%,2.79%,-,-,-,-,2026-10-07 10:06:03
208,SBUX,N/A,Consumer Cyclical / Restaurants,38338301952,2.79%,0.56%,11.55%,1856400000.0,4.84%,2.63%,-,-,-,-,2026-10-07 10:06:03
209,TJX,N/A,Consumer Cyclical / Apparel Retail,62363000832,7.12%,3.95%,8.57%,5494000000.0,8.81%,1.43%,34.97,割高,-,-,2026-10-07 10:06:03
210,BKNG,N/A,Consumer Cyclical / Travel Services,28241000448,13.39%,11.11%,25.01%,5404000000.0,19.14%,1.06%,-,-,-,-,2026-10-07 10:06:03
211,FDX,N/A,Industrials / Integrated Freight & Logistics,94720000000,7.73%,0.27%,-2.73%,4433000000.0,4.68%,1.69%,248.73,適正,-,-,2026-10-07 10:06:03
212,MAR,N/A,Consumer Cyclical / Lodging,7384999936,4.33%,5.85%,14.15%,2601000000.0,35.22%,0.82%,-,-,-,-,2026-10-07 10:06:03
213,KDP,N/A,Consumer Defensive / Beverages - Non-Alcoholic,20089999360,8.16%,3.62%,5.39%,2079000000.0,10.35%,2.98%,32.36,割安,-,-,2026-10-07 10:06:03
214,F,N/A,Consumer Cyclical / Auto Manufacturers,187972993024,1.23%,5.00%,11.47%,-8182000000.0,-4.35%,4.94%,19.86,超割安,-,-,2026-10-07 10:06:03
215,GM,N/A,Consumer Cyclical / Auto Manufacturers,185527992320,-1.29%,9.08%,9.64%,2697000000.0,1.45%,0.90%,154.72,超割安,-,-,2026-10-07 10:06:03
216,EBAY,N/A,Consumer Cyclical / Internet Retail,12007999488,7.95%,1.69%,3.24%,2031000000.0,16.91%,1.16%,39.79,割高,-,-,2026-10-07 10:06:03
217,AZO,N/A,Consumer Cyclical / Auto Parts,20338554880,2.43%,5.92%,7.41%,2498247000.0,12.28%,0.00%,-,-,-,-,2026-10-07 10:06:03
218,ORLY,N/A,Consumer Cyclical / Auto Parts,18572562432,6.42%,5.67%,9.73%,2538209000.0,13.67%,0.00%,-,-,-,-,2026-10-07 10:06:03
219,LVS,N/A,Consumer Cyclical / Resorts & Casinos,13719000064,15.22%,8.93%,152.36%,1627000000.0,11.86%,3.28%,8.42,割高,-,-,2026-10-07 10:06:03
220,YUM,N/A,Consumer Cyclical / Restaurants,8721999872,8.81%,6.68%,3.42%,1559000000.0,17.87%,2.19%,-,-,-,-,2026-10-07 10:06:03
221,ABNB,N/A,Consumer Cyclical / Travel Services,13159000064,10.26%,11.95%,18.07%,2511000000.0,19.08%,0.00%,42.91,割高,-,-,2026-10-07 10:06:03
222,LYFT,N/A,Technology / Software - Application,6771938816,9.16%,31.39%,7.53%,2844008000.0,42.00%,0.00%,19.66,割安,-,-,2026-10-07 10:06:03
223,RCL,N/A,Consumer Cyclical / Travel Services,18681999360,8.79%,18.60%,57.24%,4268000000.0,22.85%,2.18%,132.7,割高,-,-,2026-10-07 10:06:03
224,CCL,N/A,Consumer Cyclical / Travel Services,27593000960,6.39%,15.88%,77.44%,2760000000.0,10.00%,1.76%,24.59,適正,-,-,2026-10-07 10:06:03
225,NCLH,N/A,Consumer Cyclical / Travel Services,10154306560,3.67%,10.87%,76.51%,423246000.0,4.17%,0.00%,14.46,適正,-,-,2026-10-07 10:06:03
226,CMG,N/A,Consumer Cyclical / Restaurants,12423758848,5.41%,14.61%,14.33%,1535761000.0,12.36%,0.00%,7.31,割高,-,-,2026-10-07 10:06:03
227,DRI,N/A,Consumer Cyclical / Restaurants,13366500352,9.39%,6.03%,8.60%,1206700000.0,9.03%,3.24%,71.37,割高,-,-,2026-10-07 10:06:03
228,HLT,N/A,Consumer Cyclical / Lodging,5104000000,7.74%,9.17%,16.66%,1457000000.0,28.55%,0.19%,-,-,-,-,2026-10-07 10:06:03
229,MGM,N/A,Consumer Cyclical / Resorts & Casinos,17761441792,1.72%,6.66%,23.13%,205862000.0,1.16%,0.00%,21.07,割高,-,-,2026-10-07 10:06:03
230,WYNN,N/A,Consumer Cyclical / Resorts & Casinos,7413425152,0.14%,9.13%,73.87%,327334000.0,4.42%,1.30%,-,-,-,-,2026-10-07 10:06:03
231,LULU,N/A,Consumer Cyclical / Apparel Retail,11093954560,4.86%,10.07%,18.60%,1579183000.0,14.23%,0.00%,91.36,適正,-,-,2026-10-07 10:06:03
232,NVR,N/A,Consumer Cyclical / Residential Construction,9631335424,-1.91%,10.58%,-9.52%,1339816000.0,13.91%,0.00%,3354.64,割高,-,-,2026-10-07 10:06:03
233,PHM,N/A,Consumer Cyclical / Residential Construction,16407075840,-3.54%,11.74%,0.37%,2218730000.0,13.52%,0.91%,130.83,割安,-,-,2026-10-07 10:06:03
234,DHI,N/A,Consumer Cyclical / Residential Construction,33350000640,-6.93%,3.78%,5.92%,3585200000.0,10.75%,1.35%,148.5,割安,-,-,2026-10-07 10:06:03
235,LEN,N/A,Consumer Cyclical / Residential Construction,31973076992,-3.54%,3.53%,1.67%,2078179000.0,6.50%,2.69%,103.46,割安,-,-,2026-10-07 10:06:03
236,TSCO,N/A,Consumer Cyclical / Specialty Retail,15750723584,4.31%,2.25%,2.47%,1096087000.0,6.96%,3.06%,15.22,割高,-,-,2026-10-07 10:06:03
237,ROST,N/A,Consumer Cyclical / Apparel Retail,24511797248,7.67%,3.69%,8.99%,2145044000.0,8.75%,0.79%,65.26,割高,-,-,2026-10-07 10:06:03
238,BBY,N/A,Consumer Cyclical / Specialty Retail,42201001984,0.39%,-4.43%,-6.15%,1069000000.0,2.53%,4.39%,49.55,割高,-,-,2026-10-07 10:06:03
239,ULTA,N/A,Consumer Cyclical / Specialty Retail,12955516928,9.71%,0.79%,9.78%,1153479000.0,8.90%,0.00%,214.07,割高,-,-,2026-10-07 10:06:03
240,GPC,N/A,Consumer Cyclical / Auto Parts,25071538176,3.46%,1.71%,4.50%,65945000.0,0.26%,3.37%,78.37,割高,-,-,2026-10-07 10:06:03
241,POOL,N/A,Industrials / Industrial Distribution,5394292224,-0.41%,-4.16%,-10.33%,406404000.0,7.53%,3.26%,96.0,割高,-,-,2026-10-07 10:06:03
242,HAS,N/A,Consumer Cyclical / Leisure,4973199872,13.68%,-17.34%,-14.57%,-322400000.0,-6.48%,3.03%,27.03,割高,-,-,2026-10-07 10:06:03
243,MAT,N/A,Consumer Cyclical / Leisure,5489929216,-0.59%,-1.13%,0.12%,397584000.0,7.24%,0.00%,15.78,適正,-,-,2026-10-07 10:06:03
244,W,N/A,Consumer Cyclical / Internet Retail,12903999488,5.11%,-1.27%,-1.76%,-313000000.0,-2.43%,0.00%,-,-,-,-,2026-10-07 10:06:03
245,ETY,N/A,Financial Services / Asset Management,18742248,-55.12%,240.77%,-,305523017.0,1630.13%,8.39%,-,-,-,-,2026-10-07 10:06:03
246,WSM,N/A,Consumer Cyclical / Specialty Retail,8005155840,1.24%,-0.50%,-10.65%,1088437000.0,13.60%,1.27%,61.29,割高,-,-,2026-10-07 10:06:03
247,RVLV,N/A,Consumer Cyclical / Internet Retail,1310286976,8.48%,5.73%,-2.97%,61709000.0,4.71%,0.00%,13.94,割高,-,-,2026-10-07 10:06:03
248,KMX,N/A,Consumer Cyclical / Auto & Truck Dealerships,29457434624,-1.79%,-0.69%,-10.61%,247290000.0,0.84%,0.00%,58.83,割安,-,-,2026-10-07 10:06:03
249,WMT,N/A,Consumer Defensive / Discount Stores,735839977472,4.73%,5.07%,6.03%,21893000000.0,2.98%,0.94%,29.96,割高,-,-,2026-10-07 10:06:03
250,PG,N/A,Consumer Defensive / Household & Personal Products,87031996416,3.26%,0.29%,2.48%,16046000000.0,18.44%,2.98%,61.82,割高,-,-,2026-10-07 10:06:03
251,KO,N/A,Consumer Defensive / Beverages - Non-Alcoholic,50128998400,1.87%,2.86%,6.39%,13107000000.0,26.15%,2.45%,25.81,割高,-,-,2026-10-07 10:06:03
252,PEP,N/A,Consumer Defensive / Beverages - Non-Alcoholic,96904003584,2.25%,0.42%,5.88%,8240000000.0,8.50%,4.71%,56.95,割高,-,-,2026-10-07 10:06:03
253,COST,N/A,Consumer Defensive / Discount Stores,303154003968,8.17%,5.02%,6.76%,8099000000.0,2.67%,0.64%,213.21,割高,-,-,2026-10-07 10:06:03
254,PM,N/A,Consumer Defensive / Tobacco,42545000448,7.31%,7.69%,10.74%,11348000000.0,26.67%,3.38%,-,-,-,-,2026-10-07 10:06:03
255,MO,N/A,Consumer Defensive / Tobacco,20444000256,-1.49%,-0.28%,-0.90%,6947000000.0,33.98%,6.54%,-,-,-,-,2026-10-07 10:06:03
256,MDLZ,N/A,Consumer Defensive / Confectioners,39674998784,5.75%,1.18%,14.35%,2451000000.0,6.18%,3.56%,39.67,割高,-,-,2026-10-07 10:06:03
257,CL,N/A,Consumer Defensive / Household & Personal Products,21046999040,1.40%,3.31%,8.29%,2132000000.0,10.13%,2.46%,5.22,割高,-,-,2026-10-07 10:06:03
258,KMB,N/A,Consumer Defensive / Household & Personal Products,16581999616,-2.13%,-1.99%,-15.01%,2021000000.0,12.19%,5.37%,29.73,割高,-,-,2026-10-07 10:06:03
259,STZ,N/A,Consumer Defensive / Beverages - Brewers,9056700416,-10.48%,2.48%,5.39%,1686700000.0,18.62%,3.64%,115.27,適正,-,-,2026-10-07 10:06:03
260,TGT,N/A,Consumer Defensive / Discount Stores,107704999936,-1.68%,-0.79%,-1.57%,3705000000.0,3.44%,3.03%,91.86,割高,-,-,2026-10-07 10:06:03
261,DG,N/A,Consumer Defensive / Discount Stores,43637997568,5.20%,4.96%,2.24%,1512311000.0,3.47%,1.98%,88.64,割高,-,-,2026-10-07 10:06:03
262,GIS,N/A,Consumer Defensive / Packaged Foods,18296600576,-5.45%,-1.87%,-1.18%,-87600000.0,-0.48%,7.70%,31.3,適正,-,-,2026-10-07 10:06:03
263,SYY,N/A,Consumer Defensive / Food Distribution,84552998912,3.91%,3.20%,3.30%,1757000000.0,2.08%,2.88%,25.93,割高,-,-,2026-10-07 10:06:03
264,ADM,N/A,Consumer Defensive / Farm Products,82099003392,-6.15%,-8.95%,-7.50%,1078000000.0,1.31%,2.52%,79.24,適正,-,-,2026-10-07 10:06:03
265,KR,N/A,Consumer Defensive / Grocery Stores,149326004224,0.35%,-1.94%,1.20%,1016000000.0,0.68%,2.65%,34.86,割高,-,-,2026-10-07 10:06:03
266,HSY,N/A,Consumer Defensive / Confectioners,12163911680,4.38%,0.33%,7.16%,883259000.0,7.26%,3.61%,70.98,割高,-,-,2026-10-07 10:06:03
267,CHD,N/A,Consumer Defensive / Household & Personal Products,6229100032,1.57%,4.08%,9.16%,736800000.0,11.83%,1.29%,40.8,割高,-,-,2026-10-07 10:06:03
268,MKC,N/A,Consumer Defensive / Packaged Foods,7685700096,1.73%,0.92%,4.91%,789400000.0,10.27%,4.22%,43.44,適正,-,-,2026-10-07 10:06:03
269,TSN,N/A,Consumer Defensive / Farm Products,55694000128,2.12%,0.81%,-0.75%,474000000.0,0.85%,3.95%,68.58,割安,-,-,2026-10-07 10:06:03
270,CPB,N/A,Consumer Defensive / Packaged Foods,9744000000,-100.00%,6.40%,2.98%,-,-,5.18%,23.1,割安,-,-,2026-10-07 10:06:03
271,SJM,N/A,Consumer Defensive / Packaged Foods,9156899840,3.72%,6.69%,-4.11%,-138700000.0,-1.51%,3.85%,115.02,適正,-,-,2026-10-07 10:06:03
272,MNST,N/A,Consumer Defensive / Beverages - Non-Alcoholic,9218957312,10.70%,4.94%,13.14%,1905432000.0,20.67%,0.00%,11.87,割高,-,-,2026-10-07 10:06:03
273,EL,N/A,Consumer Defensive / Household & Personal Products,15048999936,5.05%,-8.21%,-1.90%,182000000.0,1.21%,1.50%,30.47,割高,-,-,2026-10-07 10:06:03
274,KVUE,N/A,Consumer Defensive / Household & Personal Products,15408000000,-2.14%,0.07%,3.30%,1470000000.0,9.54%,4.83%,12.38,割高,-,-,2026-10-07 10:06:03
275,POST,N/A,Consumer Defensive / Packaged Foods,8412499968,2.97%,13.33%,19.48%,335700000.0,3.99%,0.00%,106.5,超割安,-,-,2026-10-07 10:06:03
276,DLTR,N/A,Consumer Defensive / Discount Stores,20068700160,10.43%,4.75%,8.89%,1282500000.0,6.39%,0.00%,57.0,割高,-,-,2026-10-07 10:06:03
277,JPM,N/A,Financial Services / Banks - Diversified,186328006656,7.32%,9.35%,21.31%,57048000000.0,30.62%,1.99%,273.69,適正,-,-,2026-10-07 10:06:03
278,V,N/A,Financial Services / Credit Services,44487999488,11.34%,10.02%,11.41%,20058000000.0,45.09%,0.72%,79.82,割高,-,-,2026-10-07 10:06:03
279,MA,N/A,Financial Services / Credit Services,35083001856,16.42%,12.23%,12.87%,14968000000.0,42.66%,0.62%,57.56,割高,-,-,2026-10-07 10:06:03
280,BAC,N/A,Financial Services / Banks - Diversified,113931001856,6.84%,3.00%,8.23%,30509000000.0,26.78%,2.37%,68.18,割安,-,-,2026-10-07 10:06:03
281,MS,N/A,Financial Services / Capital Markets,77827997696,14.48%,13.72%,0.91%,16861000000.0,21.66%,2.42%,143.86,割高,-,-,2026-10-07 10:06:03
282,GS,N/A,Financial Services / Capital Markets,67569999872,8.92%,15.69%,-2.35%,17176000000.0,25.42%,2.24%,768.78,適正,-,-,2026-10-07 10:06:03
283,BLK,N/A,Financial Services / Asset Management,27299000320,18.67%,14.27%,-0.08%,5553000000.0,20.34%,2.15%,731.95,割高,-,-,2026-10-07 10:06:03
284,SPGI,N/A,Financial Services / Financial Data & Stock Exchanges,16122000384,7.94%,13.69%,11.77%,4471000000.0,27.73%,0.99%,220.35,割高,-,-,2026-10-07 10:06:03
285,AXP,N/A,Financial Services / Credit Services,70912999424,9.52%,8.98%,14.48%,10833000000.0,15.28%,1.25%,151.79,割高,-,-,2026-10-07 10:06:03
286,SCHW,N/A,Financial Services / Capital Markets,26025000960,22.01%,4.08%,-9.27%,8852000000.0,34.01%,1.31%,67.13,割高,-,-,2026-10-07 10:06:03
287,C,N/A,Financial Services / Banks - Diversified,81711996928,5.63%,3.31%,4.85%,14306000000.0,17.51%,2.08%,182.77,割安,-,-,2026-10-07 10:06:03
288,MCO,N/A,Financial Services / Financial Data & Stock Exchanges,8160000000,8.89%,19.81%,8.19%,2459000000.0,30.13%,0.92%,86.25,割高,-,-,2026-10-07 10:06:03
289,CB,N/A,Financial Services / Insurance - Property & Casualty,61895999488,6.74%,12.41%,15.73%,10310000000.0,16.66%,1.23%,358.47,割安,-,-,2026-10-07 10:06:03
290,USB,N/A,Financial Services / Banks - Regional,27320999936,4.41%,-2.42%,15.83%,7570000000.0,27.71%,3.77%,71.28,割安,-,-,2026-10-07 10:06:03
291,PNC,N/A,Financial Services / Banks - Regional,24319000576,10.90%,-3.25%,1.87%,6936000000.0,28.52%,3.63%,265.04,割安,-,-,2026-10-07 10:06:03
292,TFC,N/A,Financial Services / Banks - Regional,19028000768,53.03%,-33.68%,0.25%,5307000000.0,27.89%,4.49%,73.45,超割安,-,-,2026-10-07 10:06:03
293,MET,N/A,Financial Services / Insurance - Life,79398002688,7.88%,3.23%,0.78%,3379000000.0,4.26%,2.45%,103.75,割安,-,-,2026-10-07 10:06:03
294,AJG,N/A,Financial Services / Insurance Brokers,15109000192,20.66%,14.72%,17.79%,1494000000.0,9.89%,1.23%,175.89,割高,-,-,2026-10-07 10:06:03
295,TRV,N/A,Financial Services / Insurance - Property & Casualty,48979001344,5.17%,12.22%,12.13%,6288000000.0,12.84%,1.39%,329.26,適正,-,-,2026-10-07 10:06:03
296,PYPL,N/A,Financial Services / Credit Services,34127998976,4.32%,6.81%,8.19%,5233000000.0,15.33%,1.03%,54.71,割安,-,-,2026-10-07 10:06:03
297,SOFI,N/A,Financial Services / Credit Services,4268439040,38.32%,23.91%,33.98%,481320000.0,11.28%,0.00%,12.61,適正,-,-,2026-10-07 10:06:03
298,COIN,N/A,Financial Services / Financial Data & Stock Exchanges,6043752960,9.40%,111.17%,-2.69%,1260327000.0,20.85%,0.00%,56.26,割高,-,-,2026-10-07 10:06:03
299,NU,N/A,Financial Services / Banks - Regional,8442067968,28.50%,46.83%,89.56%,2868892000.0,33.98%,0.00%,8.35,割高,-,-,2026-10-07 10:06:03
300,HOOD,N/A,Financial Services / Capital Markets,4931999744,51.58%,58.23%,37.33%,1883000000.0,38.18%,0.00%,28.56,割高,-,-,2026-10-07 10:06:03
301,ICE,N/A,Financial Services / Financial Data & Stock Exchanges,10558000128,7.47%,18.76%,2.77%,3315000000.0,31.40%,1.37%,102.29,割高,-,-,2026-10-07 10:06:03
302,CME,N/A,Financial Services / Financial Data & Stock Exchanges,6757199872,6.37%,9.88%,11.15%,4072200000.0,60.26%,1.93%,146.69,割高,-,-,2026-10-07 10:06:03
303,MSCI,N/A,Financial Services / Financial Data & Stock Exchanges,3333758976,9.75%,12.94%,12.47%,1202305000.0,36.06%,1.48%,-,-,-,-,2026-10-07 10:06:03
304,AON,N/A,Financial Services / Insurance Brokers,17577000960,9.45%,17.36%,7.19%,3695000000.0,21.02%,1.21%,143.53,割高,-,-,2026-10-07 10:06:03
305,BRO,N/A,Financial Services / Insurance Brokers,6663000064,22.49%,12.05%,17.85%,1054000000.0,15.82%,1.08%,64.28,割安,-,-,2026-10-07 10:06:03
306,WFC,N/A,Financial Services / Banks - Diversified,83026001920,1.70%,-0.36%,11.07%,21338000000.0,25.70%,2.46%,98.88,割安,-,-,2026-10-07 10:06:03
307,STT,N/A,Financial Services / Asset Management,15022999552,8.10%,8.15%,-1.48%,2945000000.0,19.60%,2.09%,173.76,適正,-,-,2026-10-07 10:06:03
308,NTRS,N/A,Financial Services / Asset Management,9085500416,-2.46%,22.39%,0.18%,1736900000.0,19.12%,1.92%,140.5,適正,-,-,2026-10-07 10:06:03
309,FITB,N/A,Financial Services / Banks - Regional,10094999552,6.61%,-1.84%,4.04%,2522000000.0,24.98%,3.31%,63.01,割安,-,-,2026-10-07 10:06:03
310,KEY,N/A,Financial Services / Banks - Regional,7370999808,65.72%,-29.27%,-11.54%,1829000000.0,24.81%,4.06%,27.88,割安,-,-,2026-10-07 10:06:03
311,RF,N/A,Financial Services / Banks - Regional,7238000128,6.25%,-6.51%,5.74%,2156000000.0,29.79%,4.05%,36.23,割安,-,-,2026-10-07 10:06:03
312,HBAN,N/A,Financial Services / Banks - Regional,9176999936,10.22%,0.23%,1.46%,2211000000.0,24.09%,4.05%,24.2,超割安,-,-,2026-10-07 10:06:03
313,CFG,N/A,Financial Services / Banks - Regional,8160999936,5.61%,-5.05%,2.53%,1831000000.0,22.44%,2.86%,91.53,割安,-,-,2026-10-07 10:06:03
314,MTB,N/A,Financial Services / Banks - Regional,9450999808,4.34%,-1.78%,17.28%,2851000000.0,30.17%,2.75%,288.57,割安,-,-,2026-10-07 10:06:03
315,COF,N/A,Financial Services / Credit Services,48109998080,36.62%,6.32%,7.41%,2453000000.0,5.10%,1.64%,299.96,超割安,-,-,2026-10-07 10:06:03
316,SYF,N/A,Financial Services / Credit Services,9907999744,-0.50%,10.49%,16.73%,3552000000.0,35.85%,1.89%,104.88,超割安,-,-,2026-10-07 10:06:03
317,ALL,N/A,Financial Services / Insurance - Property & Casualty,70137004032,5.60%,12.24%,11.80%,10282000000.0,14.66%,1.92%,279.29,割安,-,-,2026-10-07 10:06:03
318,PGR,N/A,Financial Services / Insurance - Property & Casualty,91019001856,16.32%,21.36%,25.20%,11308000000.0,12.42%,0.19%,147.43,割高,-,-,2026-10-07 10:06:03
319,AFL,N/A,Financial Services / Insurance - Life,18069000192,-9.27%,1.52%,-1.62%,3646000000.0,20.18%,2.17%,101.44,適正,-,-,2026-10-07 10:06:03
320,PRU,N/A,Financial Services / Insurance - Life,65223999488,-13.74%,30.24%,-4.77%,3576000000.0,5.48%,4.93%,174.88,超割安,-,-,2026-10-07 10:06:03
321,L,N/A,Financial Services / Insurance - Property & Casualty,18694000640,5.44%,9.96%,11.59%,1667000000.0,8.92%,0.24%,78.12,割高,-,-,2026-10-07 10:06:03
322,IVZ,N/A,Financial Services / Asset Management,6902499840,5.11%,6.13%,-5.50%,-281700000.0,-4.08%,2.82%,40.8,割安,-,-,2026-10-07 10:06:03
323,UNH,N/A,Healthcare / Healthcare Plans,450525986816,11.81%,7.71%,14.64%,12056000000.0,2.68%,2.45%,235.24,割高,-,-,2026-10-07 10:06:03
324,JNJ,N/A,Healthcare / Drug Manufacturers - General,97929003008,6.05%,4.30%,6.46%,26804000000.0,27.37%,2.12%,98.02,割高,-,-,2026-10-07 10:06:03
325,LLY,N/A,Healthcare / Drug Manufacturers - General,79666003968,44.70%,32.00%,19.56%,20640000000.0,25.91%,0.61%,201.73,割高,-,-,2026-10-07 10:06:03
326,ABBV,N/A,Healthcare / Drug Manufacturers - General,64385998848,8.57%,3.71%,-6.44%,4226000000.0,6.56%,2.60%,-,-,-,-,2026-10-07 10:06:03
327,PFE,N/A,Healthcare / Drug Manufacturers - General,63695998976,-1.65%,6.84%,-41.14%,7771000000.0,12.20%,6.28%,31.21,割安,-,-,2026-10-07 10:06:03
328,TMO,N/A,Healthcare / Diagnostics & Research,46336000000,3.91%,0.05%,-4.58%,6704000000.0,14.47%,0.28%,297.23,割高,-,-,2026-10-07 10:06:03
329,ABT,N/A,Healthcare / Medical Devices,46584999936,5.67%,4.59%,-8.12%,6524000000.0,14.00%,2.52%,63.49,割高,-,-,2026-10-07 10:06:03
330,DHR,N/A,Healthcare / Diagnostics & Research,25106999296,2.90%,-0.06%,-10.33%,3614000000.0,14.39%,0.72%,125.09,割高,-,-,2026-10-07 10:06:03
331,AMGN,N/A,Healthcare / Drug Manufacturers - General,38094999552,9.95%,18.57%,7.09%,7711000000.0,20.24%,2.50%,109.08,割高,-,-,2026-10-07 10:06:03
332,MDT,N/A,Healthcare / Medical Devices,37541998592,8.43%,3.62%,3.64%,4801000000.0,12.79%,3.27%,75.24,適正,-,-,2026-10-07 10:06:03
333,GILD,N/A,Healthcare / Drug Manufacturers - General,30456999936,2.39%,6.04%,-0.60%,8510000000.0,27.94%,2.27%,46.05,割高,-,-,2026-10-07 10:06:03
334,ELV,N/A,Healthcare / Healthcare Plans,201113993216,12.62%,3.19%,9.42%,5662000000.0,2.82%,1.74%,370.91,適正,-,-,2026-10-07 10:06:03
335,SYK,N/A,Healthcare / Medical Devices,25837000704,11.16%,10.23%,11.11%,3246000000.0,12.56%,1.23%,153.33,割高,-,-,2026-10-07 10:06:03
336,REGN,N/A,Healthcare / Biotechnology,15534699520,0.99%,8.27%,7.76%,4504900000.0,29.00%,0.52%,661.23,適正,-,-,2026-10-07 10:06:03
337,VRTX,N/A,Healthcare / Biotechnology,12587200512,8.90%,11.66%,10.51%,3953200000.0,31.41%,0.00%,190.15,割高,-,-,2026-10-07 10:06:03
338,CI,N/A,Healthcare / Healthcare Plans,282382008320,11.26%,26.82%,8.22%,5957000000.0,2.11%,2.30%,348.95,割安,-,-,2026-10-07 10:06:03
339,BSX,N/A,Healthcare / Medical Devices,20995999744,19.87%,17.61%,12.29%,2898000000.0,13.80%,0.00%,36.33,適正,-,-,2026-10-07 10:06:03
340,BDX,N/A,Healthcare / Medical Instruments & Supplies,22484000768,8.24%,4.16%,2.66%,1678000000.0,7.46%,2.32%,163.84,適正,-,-,2026-10-07 10:06:03
341,HCA,N/A,Healthcare / Medical Care Facilities,78012997632,7.08%,8.67%,7.86%,6784000000.0,8.70%,0.72%,-,-,-,-,2026-10-07 10:06:03
342,ISRG,N/A,Healthcare / Medical Instruments & Supplies,11034399744,20.51%,17.24%,14.49%,,-,0.00%,118.21,割高,-,-,2026-10-07 10:06:03
343,MRNA,N/A,Healthcare / Biotechnology,2228000000,-39.92%,-52.64%,-64.22%,-2822000000.0,-126.66%,0.00%,-,-,-,-,2026-10-07 10:06:03
344,BIIB,N/A,Healthcare / Drug Manufacturers - General,10027899904,2.22%,-1.62%,-3.32%,1292900000.0,12.89%,0.00%,217.89,適正,-,-,2026-10-07 10:06:03
345,BMY,N/A,Healthcare / Drug Manufacturers - General,49186000896,-0.22%,7.32%,-2.50%,7054000000.0,14.34%,4.29%,40.17,割高,-,-,2026-10-07 10:06:03
346,CVS,N/A,Healthcare / Healthcare Plans,412644999168,7.85%,4.20%,10.95%,1768000000.0,0.43%,3.06%,109.44,割安,-,-,2026-10-07 10:06:03
347,HUM,N/A,Healthcare / Healthcare Plans,145679007744,10.11%,10.70%,14.54%,1188000000.0,0.82%,0.88%,244.4,割高,-,-,2026-10-07 10:06:03
348,MCK,N/A,Healthcare / Medical Distribution,410983006208,12.36%,16.22%,11.65%,4762000000.0,1.16%,0.41%,-,-,-,-,2026-10-07 10:06:03
349,CAH,N/A,Healthcare / Medical Distribution,254247993344,14.23%,-1.87%,10.66%,1714000000.0,0.67%,0.89%,-,-,-,-,2026-10-07 10:06:03
350,EW,N/A,Healthcare / Medical Devices,6512300032,11.55%,8.57%,12.23%,1073500000.0,16.48%,0.00%,37.41,割高,-,-,2026-10-07 10:06:03
351,IDXX,N/A,Healthcare / Diagnostics & Research,4553223168,10.42%,6.46%,8.72%,1059464000.0,23.27%,0.00%,87.75,割高,-,-,2026-10-07 10:06:03
352,IQV,N/A,Healthcare / Diagnostics & Research,16983000064,5.87%,2.81%,3.98%,1360000000.0,8.01%,0.00%,110.39,割高,-,-,2026-10-07 10:06:03
353,CNC,N/A,Healthcare / Healthcare Plans,180304003072,19.44%,5.89%,6.54%,-6674000000.0,-3.70%,0.00%,74.13,割安,-,-,2026-10-07 10:06:03
354,ALGN,N/A,Healthcare / Medical Instruments & Supplies,4139532032,0.90%,3.54%,3.42%,410351000.0,9.91%,0.00%,129.15,適正,-,-,2026-10-07 10:06:03
355,ZTS,N/A,Healthcare / Drug Manufacturers - Specialty & Generic,9525000192,2.28%,8.33%,5.74%,2673000000.0,28.06%,2.97%,-,-,-,-,2026-10-07 10:06:03
356,MTD,N/A,Healthcare / Diagnostics & Research,4133874944,3.98%,2.22%,-3.35%,869193000.0,21.03%,0.00%,27.3,割高,-,-,2026-10-07 10:06:03
357,RMD,N/A,Healthcare / Medical Instruments & Supplies,5653443072,9.85%,9.84%,10.95%,1523293000.0,26.94%,1.18%,116.58,割高,-,-,2026-10-07 10:06:03
358,DXCM,N/A,Healthcare / Medical Devices,4969200128,15.60%,11.34%,24.49%,836300000.0,16.83%,0.00%,22.07,割高,-,-,2026-10-07 10:06:03
359,BAX,N/A,Healthcare / Medical Instruments & Supplies,11470000128,5.72%,2.66%,3.01%,-957000000.0,-8.34%,0.17%,23.47,適正,-,-,2026-10-07 10:06:03
360,ZBH,N/A,Healthcare / Medical Devices,8508800000,7.20%,3.85%,6.55%,705100000.0,8.29%,1.05%,116.24,割安,-,-,2026-10-07 10:06:03
361,VTRS,N/A,Healthcare / Drug Manufacturers - Specialty & Generic,14737300480,-2.98%,-4.46%,-5.14%,-3514900000.0,-23.85%,2.72%,27.52,超割安,-,-,2026-10-07 10:06:03
362,GEHC,N/A,Healthcare / Medical Devices,21265999872,4.84%,0.61%,6.60%,2084000000.0,9.80%,0.24%,54.38,適正,-,-,2026-10-07 10:06:03
363,ILMN,N/A,Healthcare / Diagnostics & Research,4494000128,-0.66%,-2.93%,-1.75%,850000000.0,18.91%,0.00%,50.81,割高,-,-,2026-10-07 10:06:03
364,WAT,N/A,Healthcare / Diagnostics & Research,4644285952,6.99%,0.07%,-0.52%,642629000.0,13.84%,0.00%,239.93,割高,-,-,2026-10-07 10:06:03
365,STE,N/A,Healthcare / Medical Devices,6037499904,8.73%,6.24%,13.28%,782300000.0,12.96%,1.22%,142.72,割高,-,-,2026-10-07 10:06:03
366,CVX,N/A,Energy / Oil & Gas Integrated,209383997440,-4.64%,-1.78%,-16.46%,12299000000.0,5.87%,3.45%,178.21,適正,-,-,2026-10-07 10:06:03
367,XOM,N/A,Energy / Oil & Gas Integrated,361060007936,-4.52%,1.36%,-16.05%,28844000000.0,7.99%,2.51%,126.91,適正,-,-,2026-10-07 10:06:03
368,SLB,N/A,Energy / Oil & Gas Equipment & Services,36366000128,-1.60%,9.52%,17.96%,3374000000.0,9.28%,2.35%,35.64,割高,-,-,2026-10-07 10:06:03
369,COP,N/A,Energy / Oil & Gas E&P,64459001856,7.67%,-2.49%,-28.48%,7988000000.0,12.39%,2.62%,108.8,適正,-,-,2026-10-07 10:06:03
370,EOG,N/A,Energy / Oil & Gas E&P,26720999424,-3.40%,0.85%,-21.40%,4980000000.0,18.64%,2.83%,144.63,割安,-,-,2026-10-07 10:06:03
371,MPC,N/A,Energy / Oil & Gas Refining & Marketing,154145996800,-4.44%,-6.41%,-16.38%,4047000000.0,2.63%,0.92%,277.27,割高,-,-,2026-10-07 10:06:03
372,PSX,N/A,Energy / Oil & Gas Refining & Marketing,152167006208,-7.53%,-2.88%,-13.29%,4403000000.0,2.89%,1.88%,217.7,適正,-,-,2026-10-07 10:06:03
373,VLO,N/A,Energy / Oil & Gas Refining & Marketing,132429996032,-5.54%,-10.28%,-17.93%,2348000000.0,1.77%,1.14%,284.6,割高,-,-,2026-10-07 10:06:03
374,LIN,N/A,Basic Materials / Specialty Chemicals,35448999936,2.97%,0.46%,-1.53%,6898000000.0,19.46%,1.33%,193.26,割高,-,-,2026-10-07 10:06:03
375,APD,N/A,Basic Materials / Specialty Chemicals,12602200064,-0.52%,-3.96%,-0.78%,-394500000.0,-3.13%,2.59%,142.34,割高,-,-,2026-10-07 10:06:03
376,SHW,N/A,Basic Materials / Specialty Chemicals,24410300416,2.06%,0.20%,4.08%,2568500000.0,10.52%,1.00%,69.85,割高,-,-,2026-10-07 10:06:03
377,FCX,N/A,Basic Materials / Copper,25867999232,1.81%,11.38%,0.33%,2204000000.0,8.52%,0.83%,36.54,割高,-,-,2026-10-07 10:06:03
378,NEM,N/A,Basic Materials / Gold,25767000064,21.34%,58.16%,-0.86%,7085000000.0,27.50%,0.90%,87.53,割高,-,-,2026-10-07 10:06:03
379,CTVA,N/A,Basic Materials / Agricultural Inputs,17401000000.0,2.92%,-1.85%,-1.31%,1094000000.0,6.29%,5.81%,31.59,超割安,-,-,2026-10-07 10:06:03
380,DD,N/A,Basic Materials / Specialty Chemicals,6988000256,1.93%,1.59%,-49.19%,-779000000.0,-11.15%,1.84%,135.23,割安,-,-,2026-10-07 10:06:03
381,ECL,N/A,Basic Materials / Specialty Chemicals,16842500096,2.16%,2.75%,7.98%,2075600000.0,12.32%,1.05%,87.16,割高,-,-,2026-10-07 10:06:03
382,UNP,N/A,Industrials / Railroads,25410000896,1.07%,0.54%,-3.04%,7138000000.0,28.09%,2.05%,102.21,割高,-,-,2026-10-07 10:06:03
383,CAT,N/A,Industrials / Farm & Heavy Construction Machinery,74728996864,4.29%,-3.36%,12.84%,8884000000.0,11.89%,0.77%,175.47,割高,-,-,2026-10-07 10:06:03
384,HON,N/A,Industrials / Conglomerates,38057000960,7.85%,5.17%,-6.93%,4729000000.0,12.43%,1.31%,113.8,割高,-,-,2026-10-07 10:06:03
385,RTX,N/A,Industrials / Aerospace & Defense,93499998208,9.74%,17.15%,2.75%,6732000000.0,7.20%,1.58%,93.31,割高,-,-,2026-10-07 10:06:03
386,GE,N/A,Industrials / Aerospace & Defense,50638999552,18.48%,9.49%,21.31%,8704000000.0,17.19%,0.61%,58.95,割高,-,-,2026-10-07 10:06:03
387,DE,N/A,Industrials / Farm & Heavy Construction Machinery,47927001088,-11.59%,-16.15%,17.48%,5027000000.0,10.49%,0.95%,230.32,割高,-,-,2026-10-07 10:06:03
388,UPS,N/A,Industrials / Integrated Freight & Logistics,89929998336,-2.65%,0.12%,-9.35%,5572000000.0,6.20%,7.04%,56.68,割高,-,-,2026-10-07 10:06:03
389,LMT,N/A,Industrials / Aerospace & Defense,77013999616,5.64%,5.14%,2.41%,5017000000.0,6.51%,2.72%,167.55,割高,-,-,2026-10-07 10:06:03
390,ITW,N/A,Industrials / Specialty Industrial Machinery,16469000192,0.92%,-1.30%,1.10%,3066000000.0,18.62%,2.60%,53.22,割高,-,-,2026-10-07 10:06:03
391,NOC,N/A,Industrials / Aerospace & Defense,42892001280,2.24%,4.44%,7.34%,4182000000.0,9.75%,2.08%,293.61,割高,-,-,2026-10-07 10:06:03
392,ETN,N/A,Industrials / Specialty Industrial Machinery,30026000384,10.33%,7.25%,11.78%,4087000000.0,13.61%,1.02%,138.06,割高,-,-,2026-10-07 10:06:03
393,CSX,N/A,Industrials / Railroads,14512000000,-3.08%,-0.80%,-1.32%,2889000000.0,19.91%,1.18%,19.72,割高,-,-,2026-10-07 10:06:03
394,NSC,N/A,Industrials / Railroads,12540000256,0.47%,-0.27%,-4.62%,2873000000.0,22.91%,1.71%,152.47,割高,-,-,2026-10-07 10:06:03
395,WM,N/A,Industrials / Waste Management,25667000320,14.24%,8.01%,3.70%,2708000000.0,10.55%,1.83%,71.31,割高,-,-,2026-10-07 10:06:03
